--
-- PostgreSQL database dump
--

-- Dumped from database version 17.4
-- Dumped by pg_dump version 17.4

-- Started on 2025-06-23 21:49:21

SET statement_timeout = 0;
SET lock_timeout = 0;
SET idle_in_transaction_session_timeout = 0;
SET transaction_timeout = 0;
SET client_encoding = 'UTF8';
SET standard_conforming_strings = on;
SELECT pg_catalog.set_config('search_path', '', false);
SET check_function_bodies = false;
SET xmloption = content;
SET client_min_messages = warning;
SET row_security = off;

SET default_tablespace = '';

SET default_table_access_method = heap;

--
-- TOC entry 218 (class 1259 OID 16529)
-- Name: animal; Type: TABLE; Schema: public; Owner: postgres
--

CREATE TABLE public.animal (
    id bigint NOT NULL,
    breed character varying(255),
    colour character varying(255),
    date_of_birth date,
    gender character varying(255),
    name character varying(255),
    species character varying(255),
    customer_id bigint
);


ALTER TABLE public.animal OWNER TO postgres;

--
-- TOC entry 217 (class 1259 OID 16528)
-- Name: animal_id_seq; Type: SEQUENCE; Schema: public; Owner: postgres
--

ALTER TABLE public.animal ALTER COLUMN id ADD GENERATED BY DEFAULT AS IDENTITY (
    SEQUENCE NAME public.animal_id_seq
    START WITH 1
    INCREMENT BY 1
    NO MINVALUE
    NO MAXVALUE
    CACHE 1
);


--
-- TOC entry 220 (class 1259 OID 16537)
-- Name: appointment; Type: TABLE; Schema: public; Owner: postgres
--

CREATE TABLE public.appointment (
    id bigint NOT NULL,
    appointment_date timestamp(6) without time zone,
    animal_id bigint,
    doctor_id bigint
);


ALTER TABLE public.appointment OWNER TO postgres;

--
-- TOC entry 219 (class 1259 OID 16536)
-- Name: appointment_id_seq; Type: SEQUENCE; Schema: public; Owner: postgres
--

ALTER TABLE public.appointment ALTER COLUMN id ADD GENERATED BY DEFAULT AS IDENTITY (
    SEQUENCE NAME public.appointment_id_seq
    START WITH 1
    INCREMENT BY 1
    NO MINVALUE
    NO MAXVALUE
    CACHE 1
);


--
-- TOC entry 222 (class 1259 OID 16543)
-- Name: available_date; Type: TABLE; Schema: public; Owner: postgres
--

CREATE TABLE public.available_date (
    id bigint NOT NULL,
    available_date date,
    doctor_id bigint
);


ALTER TABLE public.available_date OWNER TO postgres;

--
-- TOC entry 221 (class 1259 OID 16542)
-- Name: available_date_id_seq; Type: SEQUENCE; Schema: public; Owner: postgres
--

ALTER TABLE public.available_date ALTER COLUMN id ADD GENERATED BY DEFAULT AS IDENTITY (
    SEQUENCE NAME public.available_date_id_seq
    START WITH 1
    INCREMENT BY 1
    NO MINVALUE
    NO MAXVALUE
    CACHE 1
);


--
-- TOC entry 224 (class 1259 OID 16549)
-- Name: customer; Type: TABLE; Schema: public; Owner: postgres
--

CREATE TABLE public.customer (
    id bigint NOT NULL,
    address character varying(255),
    city character varying(255),
    mail character varying(255),
    name character varying(255),
    phone character varying(255)
);


ALTER TABLE public.customer OWNER TO postgres;

--
-- TOC entry 223 (class 1259 OID 16548)
-- Name: customer_id_seq; Type: SEQUENCE; Schema: public; Owner: postgres
--

ALTER TABLE public.customer ALTER COLUMN id ADD GENERATED BY DEFAULT AS IDENTITY (
    SEQUENCE NAME public.customer_id_seq
    START WITH 1
    INCREMENT BY 1
    NO MINVALUE
    NO MAXVALUE
    CACHE 1
);


--
-- TOC entry 226 (class 1259 OID 16557)
-- Name: doctor; Type: TABLE; Schema: public; Owner: postgres
--

CREATE TABLE public.doctor (
    id bigint NOT NULL,
    address character varying(255),
    city character varying(255),
    mail character varying(255),
    name character varying(255),
    phone character varying(255)
);


ALTER TABLE public.doctor OWNER TO postgres;

--
-- TOC entry 225 (class 1259 OID 16556)
-- Name: doctor_id_seq; Type: SEQUENCE; Schema: public; Owner: postgres
--

ALTER TABLE public.doctor ALTER COLUMN id ADD GENERATED BY DEFAULT AS IDENTITY (
    SEQUENCE NAME public.doctor_id_seq
    START WITH 1
    INCREMENT BY 1
    NO MINVALUE
    NO MAXVALUE
    CACHE 1
);


--
-- TOC entry 228 (class 1259 OID 16565)
-- Name: vaccine; Type: TABLE; Schema: public; Owner: postgres
--

CREATE TABLE public.vaccine (
    id bigint NOT NULL,
    code character varying(255),
    name character varying(255),
    protection_finish_date date,
    protection_start_date date,
    animal_id bigint
);


ALTER TABLE public.vaccine OWNER TO postgres;

--
-- TOC entry 227 (class 1259 OID 16564)
-- Name: vaccine_id_seq; Type: SEQUENCE; Schema: public; Owner: postgres
--

ALTER TABLE public.vaccine ALTER COLUMN id ADD GENERATED BY DEFAULT AS IDENTITY (
    SEQUENCE NAME public.vaccine_id_seq
    START WITH 1
    INCREMENT BY 1
    NO MINVALUE
    NO MAXVALUE
    CACHE 1
);


--
-- TOC entry 4930 (class 0 OID 16529)
-- Dependencies: 218
-- Data for Name: animal; Type: TABLE DATA; Schema: public; Owner: postgres
--

COPY public.animal (id, breed, colour, date_of_birth, gender, name, species, customer_id) FROM stdin;
1	Kangal	\N	2020-06-15	Male	Pasha	Dog	1
2	Tekir	\N	2020-07-15	Male	Mumus	Cat	1
3	Tekir	\N	2020-07-15	Male	Sakir	Cat	1
4	Hamster	\N	2023-07-15	Male	Peanut	Hamster	2
5	Retriever	\N	2018-07-15	Male	Rocko	Dog	3
6	Golden-Retriever	\N	2018-07-15	Male	Goldie	Dog	4
7	Persian	\N	2017-07-15	Feale	Lina	Cat	5
\.


--
-- TOC entry 4932 (class 0 OID 16537)
-- Dependencies: 220
-- Data for Name: appointment; Type: TABLE DATA; Schema: public; Owner: postgres
--

COPY public.appointment (id, appointment_date, animal_id, doctor_id) FROM stdin;
1	2025-07-01 10:00:00	1	1
2	2025-07-01 11:00:00	1	1
3	2025-07-02 10:00:00	2	1
4	2025-07-03 10:00:00	3	3
5	2025-07-04 10:00:00	4	4
6	2025-07-05 10:00:00	5	5
\.


--
-- TOC entry 4934 (class 0 OID 16543)
-- Dependencies: 222
-- Data for Name: available_date; Type: TABLE DATA; Schema: public; Owner: postgres
--

COPY public.available_date (id, available_date, doctor_id) FROM stdin;
1	\N	1
2	\N	1
3	2025-07-01	1
4	2025-07-02	1
5	2025-07-03	3
6	2025-07-04	4
7	2025-07-05	5
\.


--
-- TOC entry 4936 (class 0 OID 16549)
-- Dependencies: 224
-- Data for Name: customer; Type: TABLE DATA; Schema: public; Owner: postgres
--

COPY public.customer (id, address, city, mail, name, phone) FROM stdin;
1	Kocaeli	\N	enes@example.com	Enes Zeybek	05001112233
2	Uskudar	Istanbul	ahmet@example.com	Ahmet Ali	05001122233
3	Kocaeli	Kocaeli	fatma@example.com	Fatma Yılmaz	05001122333
4	Kocaeli	Kocaeli	ayse@example.com	Ayşe Yılmaz	05001222333
5	Tekirdag	Tekirdag	mahmut@example.com	Mahmut Yılmaz	05001222334
\.


--
-- TOC entry 4938 (class 0 OID 16557)
-- Dependencies: 226
-- Data for Name: doctor; Type: TABLE DATA; Schema: public; Owner: postgres
--

COPY public.doctor (id, address, city, mail, name, phone) FROM stdin;
1	İzmir	İzmir	ece.kilic@example.com	Dr. Ece Kılıç	05554443322
2	Bakırköy	İstanbul	ahmet.yavuz@example.com	Dr. Ahmet Yavuz	05332221100
3	Yıldız	Ankara	zeynep.tunc@example.com	Dr. Zeynep Tunç	05443332211
4	Kadikoy	Istanbul	emre.bilgin@example.com	Dr. Emre Bilgin	05007775544
5	Nilufer	Bursa	elif.arslan@example.com	Dr. Elif Arslan	05001112233
\.


--
-- TOC entry 4940 (class 0 OID 16565)
-- Dependencies: 228
-- Data for Name: vaccine; Type: TABLE DATA; Schema: public; Owner: postgres
--

COPY public.vaccine (id, code, name, protection_finish_date, protection_start_date, animal_id) FROM stdin;
4	YENI-001	Yeni Aşı	2025-07-01	2024-07-01	2
5	YENI-001	Yeni Aşı	2025-07-01	2024-07-01	3
6	KRM-2025	Karma Aşı	2025-01-01	2024-01-01	2
7	ICPRZ-2025	İç Parazit Aşısı	2024-09-01	2023-09-01	3
8	DSP-2025	Dış Parazit Aşısı	2025-03-15	2024-03-15	4
9	KDZ-2025	Kuduz Aşısı	2026-01-01	2025-01-01	1
\.


--
-- TOC entry 4946 (class 0 OID 0)
-- Dependencies: 217
-- Name: animal_id_seq; Type: SEQUENCE SET; Schema: public; Owner: postgres
--

SELECT pg_catalog.setval('public.animal_id_seq', 7, true);


--
-- TOC entry 4947 (class 0 OID 0)
-- Dependencies: 219
-- Name: appointment_id_seq; Type: SEQUENCE SET; Schema: public; Owner: postgres
--

SELECT pg_catalog.setval('public.appointment_id_seq', 6, true);


--
-- TOC entry 4948 (class 0 OID 0)
-- Dependencies: 221
-- Name: available_date_id_seq; Type: SEQUENCE SET; Schema: public; Owner: postgres
--

SELECT pg_catalog.setval('public.available_date_id_seq', 7, true);


--
-- TOC entry 4949 (class 0 OID 0)
-- Dependencies: 223
-- Name: customer_id_seq; Type: SEQUENCE SET; Schema: public; Owner: postgres
--

SELECT pg_catalog.setval('public.customer_id_seq', 5, true);


--
-- TOC entry 4950 (class 0 OID 0)
-- Dependencies: 225
-- Name: doctor_id_seq; Type: SEQUENCE SET; Schema: public; Owner: postgres
--

SELECT pg_catalog.setval('public.doctor_id_seq', 5, true);


--
-- TOC entry 4951 (class 0 OID 0)
-- Dependencies: 227
-- Name: vaccine_id_seq; Type: SEQUENCE SET; Schema: public; Owner: postgres
--

SELECT pg_catalog.setval('public.vaccine_id_seq', 9, true);


--
-- TOC entry 4768 (class 2606 OID 16535)
-- Name: animal animal_pkey; Type: CONSTRAINT; Schema: public; Owner: postgres
--

ALTER TABLE ONLY public.animal
    ADD CONSTRAINT animal_pkey PRIMARY KEY (id);


--
-- TOC entry 4770 (class 2606 OID 16541)
-- Name: appointment appointment_pkey; Type: CONSTRAINT; Schema: public; Owner: postgres
--

ALTER TABLE ONLY public.appointment
    ADD CONSTRAINT appointment_pkey PRIMARY KEY (id);


--
-- TOC entry 4772 (class 2606 OID 16547)
-- Name: available_date available_date_pkey; Type: CONSTRAINT; Schema: public; Owner: postgres
--

ALTER TABLE ONLY public.available_date
    ADD CONSTRAINT available_date_pkey PRIMARY KEY (id);


--
-- TOC entry 4774 (class 2606 OID 16555)
-- Name: customer customer_pkey; Type: CONSTRAINT; Schema: public; Owner: postgres
--

ALTER TABLE ONLY public.customer
    ADD CONSTRAINT customer_pkey PRIMARY KEY (id);


--
-- TOC entry 4776 (class 2606 OID 16563)
-- Name: doctor doctor_pkey; Type: CONSTRAINT; Schema: public; Owner: postgres
--

ALTER TABLE ONLY public.doctor
    ADD CONSTRAINT doctor_pkey PRIMARY KEY (id);


--
-- TOC entry 4778 (class 2606 OID 16571)
-- Name: vaccine vaccine_pkey; Type: CONSTRAINT; Schema: public; Owner: postgres
--

ALTER TABLE ONLY public.vaccine
    ADD CONSTRAINT vaccine_pkey PRIMARY KEY (id);


--
-- TOC entry 4780 (class 2606 OID 16577)
-- Name: appointment fk2kkeptdxfuextg5ch7xp3ytie; Type: FK CONSTRAINT; Schema: public; Owner: postgres
--

ALTER TABLE ONLY public.appointment
    ADD CONSTRAINT fk2kkeptdxfuextg5ch7xp3ytie FOREIGN KEY (animal_id) REFERENCES public.animal(id);


--
-- TOC entry 4779 (class 2606 OID 16572)
-- Name: animal fk6pvxm5gfjqxclb651be9unswe; Type: FK CONSTRAINT; Schema: public; Owner: postgres
--

ALTER TABLE ONLY public.animal
    ADD CONSTRAINT fk6pvxm5gfjqxclb651be9unswe FOREIGN KEY (customer_id) REFERENCES public.customer(id);


--
-- TOC entry 4782 (class 2606 OID 16587)
-- Name: available_date fkk0d6pu1wxarsoou0x2e1cc2on; Type: FK CONSTRAINT; Schema: public; Owner: postgres
--

ALTER TABLE ONLY public.available_date
    ADD CONSTRAINT fkk0d6pu1wxarsoou0x2e1cc2on FOREIGN KEY (doctor_id) REFERENCES public.doctor(id);


--
-- TOC entry 4783 (class 2606 OID 16592)
-- Name: vaccine fkne3kmh8y5pcyxwl4u2w9prw6j; Type: FK CONSTRAINT; Schema: public; Owner: postgres
--

ALTER TABLE ONLY public.vaccine
    ADD CONSTRAINT fkne3kmh8y5pcyxwl4u2w9prw6j FOREIGN KEY (animal_id) REFERENCES public.animal(id);


--
-- TOC entry 4781 (class 2606 OID 16582)
-- Name: appointment fkoeb98n82eph1dx43v3y2bcmsl; Type: FK CONSTRAINT; Schema: public; Owner: postgres
--

ALTER TABLE ONLY public.appointment
    ADD CONSTRAINT fkoeb98n82eph1dx43v3y2bcmsl FOREIGN KEY (doctor_id) REFERENCES public.doctor(id);


-- Completed on 2025-06-23 21:49:21

--
-- PostgreSQL database dump complete
--

